{
  "msg": {
    "COMMENT": "IF YOU DECIDE TO USE CUSTOM EMOJIS, USE THE NAME AND THE ID IN MSG, EXAMPLE: ⬜ --> <:progressbar_left_filled:818558865268408341>",




    "ERROR" : "<:unsuccess:948906128274751508>",
    "SUCCESS" : "<:Success:948905585087242340>",
    "ARROW": "<:Success:948905585087242340>",




    "prem": "<:Success:948905585087242340>",
    "ommaachuda": "<:Success:948905585087242340>",




    "disabled" : "<:Success:948905585087242340>",
    "enabled" : "<:unsuccess:948906128274751508>",




    "loading": "<:Success:948905585087242340>",
    "title": "<:Success:948905585087242340>",
    "region": "🌐",
    "varlevel": "🔒",
    "rules": "<:Success:948905585087242340>",
    "channels": "<:Success:948905585087242340>",
    "afk": "😴",
    "id": "<:Success:948905585087242340>",
    "crown": "<:Success:948905585087242340>",
    "atime": "<:Success:948905585087242340>",
    "afktimeout": "<:Success:948905585087242340>",
    "defaultnotifications": "<:Success:948905585087242340>",
    "partnered": "<:Success:948905585087242340>",
    "verified": "<:Success:948905585087242340>",
    "calendar": "<:Success:948905585087242340>",
    "roles": "<:Success:948905585087242340>",
    "users": "<:Success:948905585087242340>",
    "boost": "<:Success:948905585087242340>",
    "dnd": "<:Success:948905585087242340>",
    "idle": "<:Success:948905585087242340>",
    "online": "<:Success:948905585087242340>",
    "offline": "<:Success:948905585087242340>",




    "progress_bar": {
      "emptybeginning": "[",
      "emptyend": "]",
      "leftindicator": "[",
      "rightindicator": "]",




      "emptyframe": "▬", 
      "filledframe": "▬" 
    },




    "playing": "<:mozzie:950443110473797652>",
    "pruning": "<:Success:948905585087242340>",
    "equalizer": "<:Success:948905585087242340> ",
    "cleared": "<:Success:948905585087242340>", 
    "leave_on_empty": "<:Success:948905585087242340>", 
    "Duration": "<:Success:948905585087242340>",
    "DurationLine": "<:Success:948905585087242340>",
    "TimeLine": "<:Success:948905585087242340>",
    "premium": "<:Success:948905585087242340>", 
    "song_by": "<:Success:948905585087242340>",
    "requested_by": "<:Success:948905585087242340>", 
    "setup": "<a:settingsgv:927970038902820906>",
    "dj": "<:Success:948905585087242340>",
    "bot": "<:Success:948905585087242340>", 
    "search": "<:Success:948905585087242340>", 
    "resume": "<:Success:948905585087242340>",
    "pause": "<:Success:948905585087242340>", 
    "lyrics": "<:Success:948905585087242340>", 
    "disk": "<:Success:948905585087242340>", 
    "ping": "<:Success:948905585087242340>",
    "warn": "<:Success:948905585087242340>",




    "rewind": "⏪", 
    "forward": "<:Success:948905585087242340>", 
    "pause_resume": "<:Success:948905585087242340>", 
    "stop": "<:Success:948905585087242340>", 
    "previous_track": "⏮️", 
    "skip_track": "<:Success:948905585087242340>", 
    "replay_track": "<:Success:948905585087242340>", 
    "reduce_volume": "<:Success:948905585087242340>", 
    "raise_volume": "<:Success:948905585087242340>", 
    "toggle_mute": "<:Success:948905585087242340>",
    "repeat_mode": "<:Success:948905585087242340>",
    "repeat_mode-on": "<:Success:948905585087242340>",
    "autoplay_mode": "<:Success:948905585087242340>", 
    "shuffle": "<:Success:948905585087242340>", 
    "show_queue": "<:Success:948905585087242340>", 
    "show_current_track": "<:Success:948905585087242340>"
  },
  "categories": {
    "AnimatedDiscord": "<:Success:948905585087242340>",
    
    "Settings": "<:Success:948905585087242340>",
    "Cash": "<:Success:948905585087242340>",
    "Playlist": "<:Success:948905585087242340>",
    "Filter": "<:Success:948905585087242340>",
    "AstrozMusic": "<:Success:948905585087242340>",
    "Premium": "<:premium:948904184676245524>",
    "Playing": "<:playing_A_game:948905297920020521>",
    "Info": "<:info:948903937279418371>",
    "Owner": "<:owner:948903765510094859>",
    "Arrow": "<:Arrow:948903595527512106>"
  }
}

